{
  "variant": "baseline",
  "n_claims": 31,
  "correct": 28,
  "accuracy": 0.9032258064516129,
  "failures": 0,
  "avg_tool_calls": 8.258064516129032,
  "avg_cost_usd": 0.016021070322580645,
  "total_cost_usd": 0.49665317999999997,
  "enrichment_cost_usd": null,
  "n_attempted": 31
}
