{
  "variant": "dossier",
  "n_claims": 6,
  "correct": 5,
  "accuracy": 0.8333333333333334,
  "failures": 0,
  "avg_tool_calls": 1.6666666666666667,
  "avg_cost_usd": 0.05132909166666666,
  "total_cost_usd": 0.30797454999999996,
  "enrichment_cost_usd": null,
  "n_attempted": 6
}
